id,image_url,user_id,created_at
1,http://elijah.biz,1,2025-08-27 13:03:54.761336
2,https://shanon.org,1,2025-08-27 13:03:54.761336
3,http://vicky.biz,1,2025-08-27 13:03:54.761336
4,http://oleta.net,1,2025-08-27 13:03:54.761336
5,https://jennings.biz,1,2025-08-27 13:03:54.761336
6,https://quinn.biz,2,2025-08-27 13:03:54.761336
7,https://selina.name,2,2025-08-27 13:03:54.761336
8,http://malvina.org,2,2025-08-27 13:03:54.761336
9,https://branson.biz,2,2025-08-27 13:03:54.761336
10,https://elenor.name,3,2025-08-27 13:03:54.761336
11,https://marcelino.com,3,2025-08-27 13:03:54.761336
12,http://felicity.name,3,2025-08-27 13:03:54.761336
13,https://fred.com,3,2025-08-27 13:03:54.761336
14,https://gerhard.biz,4,2025-08-27 13:03:54.761336
15,https://sherwood.net,4,2025-08-27 13:03:54.761336
16,https://maudie.org,4,2025-08-27 13:03:54.761336
17,http://annamae.name,6,2025-08-27 13:03:54.761336
18,https://mac.org,6,2025-08-27 13:03:54.761336
19,http://miracle.info,6,2025-08-27 13:03:54.761336
20,http://emmet.com,6,2025-08-27 13:03:54.761336
21,https://lisa.com,6,2025-08-27 13:03:54.761336
22,https://brooklyn.name,8,2025-08-27 13:03:54.761336
23,http://madison.net,8,2025-08-27 13:03:54.761336
24,http://annie.name,8,2025-08-27 13:03:54.761336
25,http://darron.info,8,2025-08-27 13:03:54.761336
26,http://saige.com,9,2025-08-27 13:03:54.761336
27,https://reece.net,9,2025-08-27 13:03:54.761336
28,http://vance.org,9,2025-08-27 13:03:54.761336
29,http://ignacio.net,9,2025-08-27 13:03:54.761336
30,http://kenny.com,10,2025-08-27 13:03:54.761336
31,http://remington.name,10,2025-08-27 13:03:54.761336
32,http://kurtis.info,10,2025-08-27 13:03:54.761336
33,https://alisha.com,11,2025-08-27 13:03:54.761336
34,https://henderson.com,11,2025-08-27 13:03:54.761336
35,http://bonnie.info,11,2025-08-27 13:03:54.761336
36,http://kennith.net,11,2025-08-27 13:03:54.761336
37,http://camille.name,11,2025-08-27 13:03:54.761336
38,http://alena.net,12,2025-08-27 13:03:54.761336
39,http://ralph.name,12,2025-08-27 13:03:54.761336
40,https://tyshawn.com,12,2025-08-27 13:03:54.761336
41,https://adella.net,12,2025-08-27 13:03:54.761336
42,https://cielo.info,13,2025-08-27 13:03:54.761336
43,https://easter.net,13,2025-08-27 13:03:54.761336
44,http://golden.org,13,2025-08-27 13:03:54.761336
45,http://kendall.biz,13,2025-08-27 13:03:54.761336
46,https://glenda.info,13,2025-08-27 13:03:54.761336
47,http://dominic.biz,15,2025-08-27 13:03:54.761336
48,http://tressie.info,15,2025-08-27 13:03:54.761336
49,http://estevan.org,15,2025-08-27 13:03:54.761336
50,http://zena.com,15,2025-08-27 13:03:54.761336
51,https://abagail.com,16,2025-08-27 13:03:54.761336
52,https://hershel.com,16,2025-08-27 13:03:54.761336
53,http://collin.com,16,2025-08-27 13:03:54.761336
54,https://clair.com,16,2025-08-27 13:03:54.761336
55,https://deondre.com,17,2025-08-27 13:03:54.761336
56,http://tristin.name,17,2025-08-27 13:03:54.761336
57,http://kirk.org,17,2025-08-27 13:03:54.761336
58,https://modesta.info,18,2025-08-27 13:03:54.761336
59,http://rylan.biz,19,2025-08-27 13:03:54.761336
60,https://noemie.com,19,2025-08-27 13:03:54.761336
61,https://dejon.name,20,2025-08-27 13:03:54.761336
62,https://rigoberto.net,22,2025-08-27 13:03:54.761336
63,http://megane.biz,23,2025-08-27 13:03:54.761336
64,http://emmalee.org,23,2025-08-27 13:03:54.761336
65,http://nathan.net,23,2025-08-27 13:03:54.761336
66,http://lionel.net,23,2025-08-27 13:03:54.761336
67,http://danyka.net,23,2025-08-27 13:03:54.761336
68,https://woodrow.com,23,2025-08-27 13:03:54.761336
69,http://harvey.info,23,2025-08-27 13:03:54.761336
70,http://aiden.org,23,2025-08-27 13:03:54.761336
71,https://tito.name,23,2025-08-27 13:03:54.761336
72,https://julian.net,23,2025-08-27 13:03:54.761336
73,https://mafalda.org,23,2025-08-27 13:03:54.761336
74,http://verner.org,23,2025-08-27 13:03:54.761336
75,https://elmore.org,26,2025-08-27 13:03:54.761336
76,http://kasandra.com,26,2025-08-27 13:03:54.761336
77,https://jarret.info,26,2025-08-27 13:03:54.761336
78,http://einar.net,26,2025-08-27 13:03:54.761336
79,http://terry.info,26,2025-08-27 13:03:54.761336
80,https://holden.com,27,2025-08-27 13:03:54.761336
81,https://jacinto.org,28,2025-08-27 13:03:54.761336
82,https://geoffrey.info,28,2025-08-27 13:03:54.761336
83,http://paxton.com,28,2025-08-27 13:03:54.761336
84,https://trinity.biz,28,2025-08-27 13:03:54.761336
85,http://fabiola.org,29,2025-08-27 13:03:54.761336
86,https://bryce.org,29,2025-08-27 13:03:54.761336
87,http://emery.net,29,2025-08-27 13:03:54.761336
88,https://marian.biz,29,2025-08-27 13:03:54.761336
89,https://kennedi.org,29,2025-08-27 13:03:54.761336
90,https://fanny.net,29,2025-08-27 13:03:54.761336
91,http://lottie.net,29,2025-08-27 13:03:54.761336
92,http://lacy.biz,29,2025-08-27 13:03:54.761336
93,https://jensen.name,30,2025-08-27 13:03:54.761336
94,http://virginia.org,30,2025-08-27 13:03:54.761336
95,https://ariel.net,31,2025-08-27 13:03:54.761336
96,http://roger.info,32,2025-08-27 13:03:54.761336
97,https://carolanne.com,32,2025-08-27 13:03:54.761336
98,https://margarita.info,32,2025-08-27 13:03:54.761336
99,https://kayden.biz,32,2025-08-27 13:03:54.761336
100,https://brook.com,33,2025-08-27 13:03:54.761336
101,https://gust.net,33,2025-08-27 13:03:54.761336
102,http://bridie.name,33,2025-08-27 13:03:54.761336
103,http://barton.name,33,2025-08-27 13:03:54.761336
104,https://karina.biz,33,2025-08-27 13:03:54.761336
105,https://mariam.com,35,2025-08-27 13:03:54.761336
106,https://trycia.com,35,2025-08-27 13:03:54.761336
107,https://everette.biz,37,2025-08-27 13:03:54.761336
108,http://boris.biz,38,2025-08-27 13:03:54.761336
109,http://arthur.name,38,2025-08-27 13:03:54.761336
110,https://cesar.com,39,2025-08-27 13:03:54.761336
111,http://charlie.com,40,2025-08-27 13:03:54.761336
112,https://lina.biz,42,2025-08-27 13:03:54.761336
113,https://darwin.net,42,2025-08-27 13:03:54.761336
114,https://aliyah.biz,42,2025-08-27 13:03:54.761336
115,http://euna.info,43,2025-08-27 13:03:54.761336
116,https://maymie.net,43,2025-08-27 13:03:54.761336
117,http://joanie.name,43,2025-08-27 13:03:54.761336
118,http://whitney.net,43,2025-08-27 13:03:54.761336
119,http://garrison.name,43,2025-08-27 13:03:54.761336
120,https://olga.org,44,2025-08-27 13:03:54.761336
121,https://donavon.org,44,2025-08-27 13:03:54.761336
122,http://moses.biz,44,2025-08-27 13:03:54.761336
123,http://shannon.org,44,2025-08-27 13:03:54.761336
124,http://kendrick.net,46,2025-08-27 13:03:54.761336
125,https://carey.com,46,2025-08-27 13:03:54.761336
126,http://lia.biz,46,2025-08-27 13:03:54.761336
127,https://celestine.name,46,2025-08-27 13:03:54.761336
128,http://laila.info,47,2025-08-27 13:03:54.761336
129,http://buddy.com,47,2025-08-27 13:03:54.761336
130,http://americo.biz,47,2025-08-27 13:03:54.761336
131,http://lurline.info,47,2025-08-27 13:03:54.761336
132,http://kailee.org,47,2025-08-27 13:03:54.761336
133,https://edyth.com,48,2025-08-27 13:03:54.761336
134,https://isaias.biz,50,2025-08-27 13:03:54.761336
135,http://rosetta.net,50,2025-08-27 13:03:54.761336
136,https://marianna.info,50,2025-08-27 13:03:54.761336
137,https://roel.org,51,2025-08-27 13:03:54.761336
138,http://julia.info,51,2025-08-27 13:03:54.761336
139,https://seamus.org,51,2025-08-27 13:03:54.761336
140,https://earline.info,51,2025-08-27 13:03:54.761336
141,http://quinten.info,51,2025-08-27 13:03:54.761336
142,https://dolores.org,52,2025-08-27 13:03:54.761336
143,https://aimee.info,52,2025-08-27 13:03:54.761336
144,https://roderick.name,52,2025-08-27 13:03:54.761336
145,https://jarret.name,52,2025-08-27 13:03:54.761336
146,https://cathrine.com,52,2025-08-27 13:03:54.761336
147,https://adela.com,55,2025-08-27 13:03:54.761336
148,https://demarco.com,56,2025-08-27 13:03:54.761336
149,https://lila.biz,58,2025-08-27 13:03:54.761336
150,http://ruben.net,58,2025-08-27 13:03:54.761336
151,https://alia.name,58,2025-08-27 13:03:54.761336
152,http://rickey.name,58,2025-08-27 13:03:54.761336
153,http://janie.com,58,2025-08-27 13:03:54.761336
154,http://myron.org,58,2025-08-27 13:03:54.761336
155,http://pearl.info,58,2025-08-27 13:03:54.761336
156,http://victoria.biz,58,2025-08-27 13:03:54.761336
157,https://carmella.com,59,2025-08-27 13:03:54.761336
158,http://leo.com,59,2025-08-27 13:03:54.761336
159,http://jedediah.net,59,2025-08-27 13:03:54.761336
160,http://sedrick.net,59,2025-08-27 13:03:54.761336
161,https://clare.org,59,2025-08-27 13:03:54.761336
162,https://malcolm.name,59,2025-08-27 13:03:54.761336
163,https://lesly.com,59,2025-08-27 13:03:54.761336
164,https://roberta.net,59,2025-08-27 13:03:54.761336
165,https://estell.info,59,2025-08-27 13:03:54.761336
166,http://kaleigh.biz,59,2025-08-27 13:03:54.761336
167,http://blanca.org,60,2025-08-27 13:03:54.761336
168,http://delpha.com,60,2025-08-27 13:03:54.761336
169,http://annabelle.org,61,2025-08-27 13:03:54.761336
170,http://ephraim.com,62,2025-08-27 13:03:54.761336
171,https://dameon.name,62,2025-08-27 13:03:54.761336
172,https://julianne.org,63,2025-08-27 13:03:54.761336
173,https://jasmin.biz,63,2025-08-27 13:03:54.761336
174,https://delbert.net,63,2025-08-27 13:03:54.761336
175,https://norval.com,63,2025-08-27 13:03:54.761336
176,https://jessy.name,64,2025-08-27 13:03:54.761336
177,https://nolan.name,64,2025-08-27 13:03:54.761336
178,http://devon.info,64,2025-08-27 13:03:54.761336
179,http://ora.net,64,2025-08-27 13:03:54.761336
180,https://vivien.com,64,2025-08-27 13:03:54.761336
181,https://hilda.info,65,2025-08-27 13:03:54.761336
182,https://dorcas.biz,65,2025-08-27 13:03:54.761336
183,http://hettie.net,65,2025-08-27 13:03:54.761336
184,http://rico.biz,65,2025-08-27 13:03:54.761336
185,http://jody.biz,65,2025-08-27 13:03:54.761336
186,http://sheila.com,67,2025-08-27 13:03:54.761336
187,http://germaine.name,67,2025-08-27 13:03:54.761336
188,https://mariane.org,67,2025-08-27 13:03:54.761336
189,http://reva.com,69,2025-08-27 13:03:54.761336
190,https://llewellyn.info,70,2025-08-27 13:03:54.761336
191,http://ellen.info,72,2025-08-27 13:03:54.761336
192,https://anahi.info,72,2025-08-27 13:03:54.761336
193,https://javonte.org,72,2025-08-27 13:03:54.761336
194,http://florine.org,72,2025-08-27 13:03:54.761336
195,http://marcellus.info,72,2025-08-27 13:03:54.761336
196,http://stan.biz,73,2025-08-27 13:03:54.761336
197,http://jarred.net,77,2025-08-27 13:03:54.761336
198,http://jovanny.net,77,2025-08-27 13:03:54.761336
199,http://linnie.com,77,2025-08-27 13:03:54.761336
200,http://dino.name,77,2025-08-27 13:03:54.761336
201,https://jane.net,77,2025-08-27 13:03:54.761336
202,http://laney.name,77,2025-08-27 13:03:54.761336
203,http://trever.org,78,2025-08-27 13:03:54.761336
204,http://emilie.net,78,2025-08-27 13:03:54.761336
205,http://ted.info,78,2025-08-27 13:03:54.761336
206,http://keshawn.org,78,2025-08-27 13:03:54.761336
207,http://ole.info,78,2025-08-27 13:03:54.761336
208,https://ford.biz,79,2025-08-27 13:03:54.761336
209,https://humberto.org,82,2025-08-27 13:03:54.761336
210,http://penelope.info,82,2025-08-27 13:03:54.761336
211,https://dimitri.info,84,2025-08-27 13:03:54.761336
212,http://cynthia.info,84,2025-08-27 13:03:54.761336
213,http://princess.org,85,2025-08-27 13:03:54.761336
214,https://ruthie.info,85,2025-08-27 13:03:54.761336
215,https://evan.name,86,2025-08-27 13:03:54.761336
216,http://deontae.org,86,2025-08-27 13:03:54.761336
217,https://timmy.info,86,2025-08-27 13:03:54.761336
218,http://susie.info,86,2025-08-27 13:03:54.761336
219,http://hollis.com,86,2025-08-27 13:03:54.761336
220,https://colt.org,86,2025-08-27 13:03:54.761336
221,http://lucio.org,86,2025-08-27 13:03:54.761336
222,http://germaine.org,86,2025-08-27 13:03:54.761336
223,http://howard.net,86,2025-08-27 13:03:54.761336
224,http://helena.name,87,2025-08-27 13:03:54.761336
225,https://celestino.name,87,2025-08-27 13:03:54.761336
226,http://violet.info,87,2025-08-27 13:03:54.761336
227,http://nigel.biz,87,2025-08-27 13:03:54.761336
228,https://noble.net,88,2025-08-27 13:03:54.761336
229,https://emilia.org,88,2025-08-27 13:03:54.761336
230,http://destini.net,88,2025-08-27 13:03:54.761336
231,https://mariano.net,88,2025-08-27 13:03:54.761336
232,https://brittany.org,88,2025-08-27 13:03:54.761336
233,https://madaline.name,88,2025-08-27 13:03:54.761336
234,https://devonte.name,88,2025-08-27 13:03:54.761336
235,https://blanche.net,88,2025-08-27 13:03:54.761336
236,http://cali.net,88,2025-08-27 13:03:54.761336
237,http://mekhi.name,88,2025-08-27 13:03:54.761336
238,http://adela.com,88,2025-08-27 13:03:54.761336
239,https://devan.com,92,2025-08-27 13:03:54.761336
240,https://jarrett.name,92,2025-08-27 13:03:54.761336
241,https://sid.biz,92,2025-08-27 13:03:54.761336
242,https://jadyn.name,93,2025-08-27 13:03:54.761336
243,https://erik.com,93,2025-08-27 13:03:54.761336
244,http://freeda.biz,94,2025-08-27 13:03:54.761336
245,http://ayden.name,95,2025-08-27 13:03:54.761336
246,https://kathleen.biz,95,2025-08-27 13:03:54.761336
247,https://helmer.org,96,2025-08-27 13:03:54.761336
248,https://maggie.info,96,2025-08-27 13:03:54.761336
249,https://cecilia.net,96,2025-08-27 13:03:54.761336
250,http://ayla.org,97,2025-08-27 13:03:54.761336
251,https://elyssa.biz,97,2025-08-27 13:03:54.761336
252,http://jennie.com,98,2025-08-27 13:03:54.761336
253,http://ryleigh.info,99,2025-08-27 13:03:54.761336
254,https://darien.name,99,2025-08-27 13:03:54.761336
255,https://xzavier.org,99,2025-08-27 13:03:54.761336
256,https://kaela.name,100,2025-08-27 13:03:54.761336
257,http://dedrick.info,100,2025-08-27 13:03:54.761336
